{
  "family": "backend",
  "networkMode": "awsvpc",
  "requiresCompatibilities": ["FARGATE"],
  "cpu": "1024",
  "memory": "3072",
  "containerDefinitions": [
    {
      "name": "backend",
      "image": "prashanth1710/unisys-backend:latest",
      "portMappings": [
        {
          "containerPort": 80,
          "protocol": "tcp"
        }
      ],
      "environment": [
        {
          "name": "NODE_ENV",
          "value": "production"
        },
        {
          "name": "PORT",
          "value": "80"
        },
        {
          "name": "FRONTEND_URL",
          "value": "https://yourdomain.com"
        }
      ],
      "secrets": [
        {
          "name": "SUPABASE_URL",
          "valueFrom": "arn:aws:secretsmanager:REGION:ACCOUNT_ID:secret:unisys-backend/SUPABASE_URL"
        },
        {
          "name": "JWT_SECRET",
          "valueFrom": "arn:aws:secretsmanager:REGION:ACCOUNT_ID:secret:unisys-backend/JWT_SECRET"
        },
        {
          "name": "SUPABASE_SERVICE_ROLE_KEY",
          "valueFrom": "arn:aws:secretsmanager:REGION:ACCOUNT_ID:secret:unisys-backend/SUPABASE_SERVICE_ROLE_KEY"
        }
      ],
      "logConfiguration": {
        "logDriver": "awslogs",
        "options": {
          "awslogs-group": "/ecs/backend",
          "awslogs-region": "us-east-1",
          "awslogs-stream-prefix": "ecs"
        }
      },
      "healthCheck": {
        "command": [
          "CMD-SHELL",
          "node -e \"require('http').get('http://localhost:80/api/health', (r) => {process.exit(r.statusCode === 200 ? 0 : 1)})\""
        ],
        "interval": 30,
        "timeout": 5,
        "retries": 3,
        "startPeriod": 60
      },
      "essential": true
    }
  ]
}


